"sample_name","chr","cnv","st_bp","ed_bp","length_kb","st_exon","ed_exon","raw_cov","norm_cov","copy_no","lratio","mBIC","targetCount"
"NA07000","20","dup","60908921","60909439","0.519","3945","3946","417","286","3","26.072","6.312",1
"NA07000","20","dup","60921546","60926868","5.323","3954","3957","474","346","3","19.183","7.148",3
"NA07357","20","del","1638233","1896162","257.93","126","127","90","226","1","50.621","31.45",1
"NA10851","20","del","22562688","22564923","2.236","1208","1209","515","931","1","108.555","88.397",1
"NA10851","20","dup","60881686","60883534","1.849","3899","3903","721","513","3","35.828","103.755",4
"NA10851","20","dup","62571460","62574104","2.645","4289","4292","501","344","3","31.13","115.414",3
"NA10851","20","dup","21492541","21494357","1.817","1201","1202","401","265","3","30.085","127.834",1
"NA10851","20","dup","47252990","47254329","1.34","3207","3208","220","128","3","25.199","133.141",1
"NA10851","20","dup","43922511","43927256","4.746","2829","2830","344","231","3","23.974","137.483",1
"NA10851","20","del","54575724","54579261","3.538","3541","3542","137","233","1","21.546","139.683",1
"NA11829","20","del","1558921","1600612","41.692","121","122","216","425","1","62.791","43.64",1
"NA11829","20","dup","1638233","1896162","257.93","126","127","515","300","3","58.806","84.982",1
"NA11830","20","del","22562688","22564923","2.236","1208","1209","618","1340","1","241.666","221.508",1
"NA11830","20","del","4202113","4229676","27.564","490","491","629","1014","1","71.042","272.943",1
"NA11830","20","dup","43922511","43927256","4.746","2829","2830","438","239","4","64.588","317.421",1
"NA11830","20","del","1558921","1600612","41.692","121","122","195","399","1","64.346","362.744",1
"NA11830","20","dup","60881686","60883534","1.849","3899","3903","830","563","3","55.022","397.401",4
"NA11830","20","dup","47252990","47254329","1.34","3207","3208","277","139","4","52.995","430.877",1
"NA11830","20","dup","62374037","62494318","120.282","4270","4276","1562","1163","3","51.81","462.813",6
"NA11830","20","del","61450549","61460361","9.813","4023","4037","670","1020","1","45.625","488.181",14
"NA11830","20","dup","61287784","61290133","2.35","3998","3999","550","359","3","43.497","513.434",1
"NA11830","20","dup","62325662","62328572","2.911","4241","4246","966","699","3","42.163","536.499",5
"NA11830","20","dup","60904161","60905022","0.862","3936","3937","290","159","4","42.005","560.205",1
"NA11830","20","dup","865664","869141","3.478","69","70","428","270","3","38.532","580.284",1
"NA11830","20","del","47364321","47444397","80.077","3236","3237","156","292","1","37.877","599.745",1
"NA11830","20","dup","62165466","62173002","7.537","4178","4183","676","474","3","37.083","617.406",5
"NA11830","20","dup","62221401","62223555","2.155","4201","4202","490","326","3","35.67","635.058",1
"NA11830","20","del","61956759","61958199","1.441","4135","4138","265","436","1","34.329","650.404",3
"NA11830","20","del","61940646","61941917","1.272","4120","4122","343","536","1","30.268","662.354",2
"NA11830","20","del","54575724","54579261","3.538","3541","3542","167","292","1","30.253","673.286",1
"NA11830","20","dup","62577780","62587728","9.949","4297","4298","271","160","3","29.877","684.983",1
"NA11830","20","del","55111180","55206803","95.624","3575","3576","192","325","1","29.425","695.939",1
"NA11830","20","dup","42747053","42789072","42.02","2703","2704","335","216","3","27.825","704.619",1
"NA11830","20","del","62707788","62715077","7.29","4351","4353","167","287","1","27.753","713.779",2
"NA11830","20","dup","35441056","35444719","3.664","2216","2217","650","474","3","26.541","720.652",1
"NA11830","20","dup","62571460","62572409","0.95","4289","4291","443","308","3","25.614","728.492",2
"NA11830","20","dup","60890998","60892128","1.131","3914","3916","346","230","3","25.285","735.711",2
"NA11830","20","dup","32378728","32399489","20.762","1766","1767","267","167","3","24.755","740.937",1
"NA11830","20","dup","629309","645115","15.807","57","58","355","239","3","24.434","747.497",1
"NA11830","20","dup","33589039","33590045","1.007","1932","1934","349","235","3","24.002","752.061",2
"NA11830","20","dup","2633421","2634041","0.621","194","195","408","283","3","23.923","757.185",1
"NA11830","20","dup","62065056","62071065","6.01","4157","4159","393","271","3","23.841","762.808",2
"NA11830","20","dup","21492541","21494357","1.817","1201","1202","409","286","3","22.828","767.973",1
"NA11830","20","del","479833","585331","105.499","55","56","120","212","1","22.828","774.048",1
"NA11830","20","dup","62669942","62680869","10.928","4338","4340","283","187","3","21.242","777.114",2
"NA11830","20","dup","3653138","3653576","0.439","394","395","215","132","3","21.171","779.433",1
"NA11830","20","dup","25228755","25239983","11.229","1305","1306","229","144","3","20.848","781.323",1
"NA11830","20","dup","62331778","62332063","0.286","4249","4250","182","109","3","19.292","783.386",1
"NA11830","20","dup","33732711","33735067","2.357","1961","1963","411","295","3","19.139","783.813",2
"NA11831","20","del","1638233","1896162","257.93","126","127","98","248","1","56.076","36.905",1
"NA11832","20","del","1551406","1559401","7.996","120","121","349","690","1","103.109","83.962",1
"NA11832","20","dup","1638233","1896162","257.93","126","127","535","312","3","60.915","127.302",1
"NA11881","20","del","22562688","22564923","2.236","1208","1209","630","1055","1","90.849","70.691",1
"NA11881","20","dup","1638233","1896162","257.93","126","127","601","366","3","60.675","112.235",1
"NA11881","20","dup","60921546","60926868","5.323","3954","3957","669","460","3","41.245","133.204",3
"NA11881","20","dup","60881686","60883534","1.849","3899","3903","782","563","3","35.561","149.345",4
"NA11881","20","dup","43922511","43927256","4.746","2829","2830","380","258","3","25.07","154.41",1
"NA11881","20","dup","62165466","62173002","7.537","4178","4183","572","418","3","22.917","157.428",5
"NA11881","20","dup","47252990","47254329","1.34","3207","3208","225","139","3","21.726","159.635",1
"NA11881","20","dup","21492541","21494357","1.817","1201","1202","424","301","3","21.41","163.381",1
"NA11881","20","dup","60909169","60910189","1.021","3946","3947","480","348","3","20.615","166.337",1
"NA11881","20","dup","60904161","60905022","0.862","3936","3937","263","177","3","18.133","166.732",1
"NA11918","20","del","1895652","1902379","6.728","127","128","431","652","1","27.275","8.1",1
"NA11995","20","del","22562688","22564923","2.236","1208","1209","332","806","1","172.892","152.734",1
"NA11995","20","del","4202113","4229676","27.564","490","491","348","595","1","56.302","189.429",1
"NA11995","20","dup","43922511","43927256","4.746","2829","2830","248","129","4","42.894","212.213",1
"NA11995","20","dup","47252990","47254329","1.34","3207","3208","159","74","4","36.206","228.821",1
"NA11995","20","del","1638233","1896162","257.93","126","127","61","152","1","33.721","243.506",1
"NA11995","20","dup","62374037","62494318","120.282","4270","4276","880","656","3","28.795","252.343",6
"NA11995","20","del","42697217","42747323","50.107","2700","2703","111","211","1","28.566","261.212",3
"NA11995","20","dup","644307","741895","97.589","58","59","283","175","3","27.242","269.973",1
"NA11995","20","del","61457135","61458679","1.545","4032","4034","83","164","1","24.473","274.723",2
"NA11995","20","del","306482","330501","24.02","24","26","158","267","1","23.991","280.317",2
"NA11995","20","del","825439","853802","28.364","63","64","232","369","1","23.701","286.592",1
"NA11995","20","dup","62577780","62587728","9.949","4297","4298","164","91","4","22.672","291.084",1
"NA11995","20","dup","21492541","21494357","1.817","1201","1202","258","167","3","21.106","294.528",1
"NA11995","20","del","61460946","61464453","3.508","4039","4042","131","223","1","20.704","297.123",3
"NA11995","20","dup","62165466","62173002","7.537","4178","4183","384","271","3","20.192","297.765",5
"NA11995","20","del","61943716","61944654","0.939","4125","4127","139","231","1","19.159","298.087",2
"NA11995","20","del","3846321","3870421","24.101","469","470","132","221","1","19.011","298.858",1
"NA12003","20","del","22562688","22564923","2.236","1208","1209","336","688","1","111.119","90.961",1
"NA12003","20","dup","43926483","43933452","6.97","2830","2832","463","262","4","58.916","129.421",2
"NA12003","20","del","4202113","4229676","27.564","490","491","329","537","1","40.471","150.285",1
"NA12003","20","del","61956986","61957534","0.549","4136","4137","55","155","1","39.38","170.226",1
"NA12003","20","dup","21492541","21494357","1.817","1201","1202","262","144","4","37.598","190.162",1
"NA12003","20","dup","644307","741895","97.589","58","59","273","157","3","32.187","203.619",1
"NA12003","20","dup","42939581","42966107","26.527","2717","2718","315","193","3","31.216","215.74",1
"NA12003","20","dup","62577780","62587728","9.949","4297","4298","168","87","4","29.445","226.404",1
"NA12003","20","dup","60881686","60883534","1.849","3899","3903","417","282","3","28.072","234.386",4
"NA12003","20","dup","62165466","62173714","8.249","4178","4184","486","338","3","28.048","243.084",6
"NA12003","20","dup","62221401","62223555","2.155","4201","4202","267","162","3","27.255","252.238",1
"NA12003","20","del","1638233","1896162","257.93","126","127","70","144","1","23.483","256.933",1
"NA12003","20","dup","42747053","42789072","42.02","2703","2704","209","124","3","22.739","261.622",1
"NA12003","20","dup","62328092","62328897","0.806","4246","4247","269","175","3","21.566","264.846",1
"NA12003","20","dup","23334619","23346414","11.796","1214","1215","409","289","3","21.328","268.6",1
"NA12003","20","dup","35443519","35467838","24.32","2217","2219","399","281","3","21.274","269.862",2
"NA12003","20","del","306482","307573","1.092","24","25","119","206","1","20.521","272.317",1
"NA12003","20","dup","47251203","47253230","2.028","3206","3207","162","93","3","19.183","271.983",1
"NA12003","20","del","3846321","3870421","24.101","469","470","132","221","1","19.011","272.755",1
"NA12003","20","del","61940646","61941308","0.663","4120","4121","110","189","1","18.259","272.924",1
"NA12005","20","del","1558921","1600612","41.692","121","122","240","412","1","39.657","20.506",1
"NA12043","20","dup","34084354","34085901","1.548","2019","2020","255","165","3","20.889","0.621",1
"NA12043","20","dup","52786118","52790169","4.052","3525","3528","448","322","3","20.641","0.791",3
"NA12044","20","dup","1638233","1896162","257.93","126","127","513","299","3","58.495","39.324",1
"NA12044","20","dup","60921546","60926868","5.323","3954","3957","521","350","3","36.239","55.267",3
"NA12044","20","dup","21492541","21494357","1.817","1201","1202","349","229","3","27.002","62.173",1
"NA12044","20","dup","62492878","62500841","7.964","4276","4277","455","315","3","26.979","70.19",1
"NA12044","20","dup","60902843","60906196","3.354","3933","3939","757","568","3","22.924","74.097",6
"NA12044","20","dup","62161387","62173714","12.328","4174","4184","1073","825","3","22.546","76.652",10
"NA12044","20","dup","60736413","60738017","1.605","3866","3867","330","228","3","19.798","77.596",1
"NA12144","20","dup","1638233","1896162","257.93","126","127","522","302","3","60.644","41.473",1
"NA12144","20","dup","21492541","21494357","1.817","1201","1202","355","221","3","33.434","54.792",1
"NA12156","20","dup","23615887","23666632","50.746","1245","1246","316","210","3","23.122","2.955",1
"NA12156","20","dup","19560620","19565716","5.097","1048","1049","341","234","3","21.258","4.888",1
"NA12156","20","dup","22562429","22563847","1.419","1207","1208","547","403","3","20.28","6.699",1
"NA12156","20","dup","23856806","23858258","1.453","1252","1253","135","74","4","19.571","8.604",1
"NA12234","20","dup","1638233","1896162","257.93","126","127","608","305","4","116.418","97.247",1
"NA12234","20","dup","22562688","22564923","2.236","1208","1209","321","183","4","39.492","116.621",1
"NA12234","20","del","60900336","60903113","2.778","3928","3933","277","442","1","29.012","125.079",5
"NA12234","20","del","60912594","60927423","14.83","3951","3959","264","422","1","28.022","133.874",8
"NA12234","20","del","1558921","1600612","41.692","121","122","263","409","1","22.215","138.645",1
"NA12234","20","dup","17639231","17641187","1.957","953","955","946","725","3","21.054","139.949",2
"NA12489","20","del","1638233","1896162","257.93","126","127","101","264","1","61.997","42.826",1
"NA12762","20","del","1558921","1600612","41.692","121","122","184","312","1","28.47","9.319",1
"NA12762","20","dup","1638233","1896162","257.93","126","127","351","234","3","25.312","17.167",1
"NA12812","20","dup","22562688","22564923","2.236","1208","1209","355","223","3","32.434","12.276",1
"NA12813","20","del","10620134","10621625","1.492","754","755","624","987","1","61.007","41.018",1
"NA12813","20","dup","50244102","50245624","1.523","3472","3473","466","301","3","38.439","59.423",1
"NA12813","20","dup","1638233","1896162","257.93","126","127","662","463","3","36.907","77.236",1
"NA12813","20","dup","43850345","43881117","30.773","2823","2824","1158","873","3","33.009","90.373",1
"NA12813","20","del","25456661","25459880","3.22","1354","1355","410","633","1","32.33","102.905",1
"NA12813","20","del","30227697","30231392","3.696","1420","1421","312","497","1","32.254","116.324",1
"NA12813","20","dup","61945368","61950953","5.586","4129","4132","850","629","3","30.131","126.533",3
"NA12813","20","dup","60883703","60885150","1.448","3904","3906","603","433","3","27.985","134.907",2
"NA12813","20","dup","49225771","49227789","2.019","3423","3425","450","313","3","25.952","141.855",2
"NA12813","20","dup","6750766","6759749","8.984","622","623","765","569","3","25.668","148.432",1
"NA12813","20","del","17639231","17641187","1.957","953","955","725","1053","1","24.005","152.878",2
"NA12813","20","dup","45633454","45644997","11.544","3123","3124","398","277","3","22.868","156.472",1
"NA12813","20","dup","34214426","34215388","0.963","2057","2058","634","471","3","21.554","158.33",1
"NA12813","20","dup","43378718","43385003","6.286","2766","2767","438","317","3","19.086","158.671",1
"NA12813","20","dup","60902255","60902774","0.52","3931","3932","623","468","3","18.594","158.946",1
"NA12813","20","dup","10639062","10644696","5.635","776","777","318","221","3","18.433","159.144",1
"NA12815","20","del","1558921","1600612","41.692","121","122","200","360","1","41.381","22.23",1
"NA12872","20","dup","10594357","10620614","26.258","751","754","841","640","3","20.982","0.446",3
"NA12873","20","dup","1514975","1517998","3.024","115","116","340","194","4","41.662","22.536",1
"NA12873","20","dup","44686108","44691533","5.426","3044","3045","500","363","3","21.224","23.577",1
"NA12878","20","del","1638233","1896162","257.93","126","127","224","366","1","27.746","8.575",1
"NA18486","20","del","56793551","56803479","9.929","3653","3655","0","21","0","21","0.677",2
"NA18498","20","dup","35068153","35071214","3.062","2154","2155","647","461","3","31.825","11.554",1
"NA18498","20","dup","61978032","61982408","4.377","4143","4144","423","289","3","27.005","19.105",1
"NA18498","20","dup","44663543","44665466","1.924","3021","3024","481","343","3","23.521","22.211",3
"NA18498","20","dup","62073671","62076219","2.549","4160","4161","302","199","3","22.945","27.035",1
"NA18498","20","dup","139359","168762","29.404","6","7","347","246","3","17.691","27.151",1
"NA18501","20","dup","11898876","11904337","5.462","779","782","3922","2635","3","272.669","252.118",3
"NA18502","20","del","10601921","10620614","18.694","752","754","488","840","1","81.769","61.435",2
"NA18502","20","dup","50238601","50245624","7.024","3470","3473","999","678","3","66.043","106.895",3
"NA18502","20","del","17639231","17641187","1.957","953","955","505","823","1","61.486","148.654",2
"NA18502","20","del","25456661","25459880","3.22","1354","1355","335","575","1","55.312","184.287",1
"NA18502","20","dup","61978032","61982408","4.377","4143","4144","1570","1181","3","46.054","210.983",1
"NA18502","20","del","50007900","50049308","41.409","3450","3452","255","442","1","44.26","236.685",2
"NA18502","20","del","2779038","2779575","0.538","227","228","237","412","1","41.736","259.119",1
"NA18502","20","dup","34099113","34116140","17.028","2027","2028","434","280","3","35.965","275.251",1
"NA18502","20","dup","30156912","30227937","71.026","1415","1420","838","611","3","34.266","289.945",5
"NA18502","20","del","25249743","25252130","2.388","1307","1308","146","266","1","31.808","303.129",1
"NA18502","20","dup","50307257","50329618","22.362","3481","3485","750","545","3","31.586","316.22",4
"NA18502","20","del","47252990","47256487","3.498","3207","3209","225","373","1","30.553","327.007",2
"NA18502","20","dup","34214426","34218446","4.021","2057","2059","597","424","3","30.053","338.271",2
"NA18502","20","dup","45633454","45644997","11.544","3123","3124","348","223","3","29.596","348.924",1
"NA18502","20","dup","35310890","35316074","5.185","2190","2192","396","264","3","28.558","357.993",2
"NA18502","20","dup","62608259","62608788","0.53","4314","4315","600","430","3","28.269","367.546",1
"NA18502","20","dup","21314543","21324906","10.364","1181","1185","503","353","3","27.441","375.342",4
"NA18502","20","del","3614936","3624917","9.982","380","382","187","311","1","25.891","381.777",2
"NA18502","20","dup","57485332","57485930","0.599","3704","3705","303","194","3","25.851","388.366",1
"NA18502","20","dup","35237948","35242448","4.501","2171","2173","723","537","3","24.639","394.549",2
"NA18502","20","dup","33128346","33163098","34.753","1828","1833","754","563","3","24.208","398.745",5
"NA18502","20","dup","60893863","60895990","2.128","3920","3921","753","563","3","23.803","403.431",1
"NA18502","20","dup","19998616","20003171","4.556","1073","1074","249","156","3","22.957","407.605",1
"NA18502","20","dup","60883703","60884951","1.249","3904","3905","457","325","3","22.79","412.309",1
"NA18502","20","dup","42697217","42743535","46.319","2700","2701","307","204","3","22.473","415.29",1
"NA18502","20","del","13695487","13699652","4.166","812","814","196","316","1","22.153","418.475",2
"NA18502","20","dup","18529213","18535076","5.864","1037","1038","371","257","3","21.921","422.029",1
"NA18502","20","del","55051990","55059265","7.276","3568","3569","177","289","1","21.822","425.112",1
"NA18502","20","del","45357909","45362493","4.585","3118","3119","132","225","1","21.011","428.664",1
"NA18502","20","dup","44533378","44533788","0.411","2968","2969","695","522","3","20.787","430.4",1
"NA18502","20","dup","3016143","3025523","9.381","272","275","1280","997","3","20.474","431.847",3
"NA18502","20","dup","3145058","3147054","1.997","287","288","865","661","3","20.213","434.112",1
"NA18502","20","dup","33862063","33867579","5.517","1975","1977","670","503","3","20.15","435.344",2
"NA18502","20","dup","42200673","42203656","2.984","2659","2660","497","363","3","20.008","436.778",1
"NA18502","20","dup","3541250","3544052","2.803","362","364","791","602","3","19.71","438.093",2
"NA18502","20","dup","61588065","61588982","0.918","4071","4072","532","392","3","19.699","439.085",1
"NA18502","20","dup","44984386","44986456","2.071","3076","3078","496","363","3","19.602","439.89",2
"NA18502","20","dup","3052946","3065380","12.435","280","281","233","150","3","19.469","442.129",1
"NA18502","20","dup","3209450","3209944","0.495","308","309","442","320","3","19.208","443.235",1
"NA18502","20","del","44686108","44691533","5.426","3044","3045","487","713","1","18.962","443.886",1
"NA18502","20","dup","49227356","49227789","0.434","3424","3425","297","203","3","18.918","444.48",1
"NA18502","20","dup","35068153","35075399","7.247","2154","2156","516","381","3","18.711","444.802",2
"NA18502","20","del","62851024","62853442","2.419","4369","4370","212","330","1","18.063","444.896",1
"NA18504","20","dup","35068153","35071214","3.062","2154","2155","1605","1217","3","42.245","21.974",1
"NA18504","20","dup","1895652","1903304","7.653","127","129","777","585","3","22.533","25.002",2
"NA18505","20","del","17639231","17641187","1.957","953","955","723","1106","1","51.891","31.467",2
"NA18505","20","dup","57485332","57485930","0.599","3704","3705","428","263","3","42.032","53.577",1
"NA18505","20","dup","60893863","60895990","2.128","3920","3921","882","633","3","41.106","75.418",1
"NA18505","20","dup","45633454","45644997","11.544","3123","3124","454","292","3","38.074","93.658",1
"NA18505","20","del","55051990","55059265","7.276","3568","3569","227","385","1","35.167","109.734",1
"NA18505","20","dup","60883703","60885922","2.22","3904","3908","805","585","3","33.886","124.952",4
"NA18505","20","del","50015185","50049308","34.124","3451","3452","317","507","1","33.788","139.745",1
"NA18505","20","del","10603246","10620614","17.369","753","754","695","1028","1","32.297","152.741",1
"NA18505","20","dup","44985154","44986456","1.303","3077","3078","560","391","3","31.551","165.628",1
"NA18505","20","dup","50244102","50245624","1.523","3472","3473","450","303","3","30.952","178.411",1
"NA18505","20","del","3619468","3624917","5.45","381","382","179","310","1","30.936","189.959",1
"NA18505","20","dup","36014437","36022406","7.97","2309","2310","487","339","3","27.953","198.044",1
"NA18505","20","dup","61978032","61982408","4.377","4143","4144","1888","1480","3","25.487","204.386",1
"NA18505","20","del","60921546","60922086","0.541","3954","3956","265","418","1","25.329","210.935",2
"NA18505","20","dup","61588065","61588982","0.918","4071","4072","650","477","3","25.041","217.316",1
"NA18505","20","dup","3726469","3729070","2.602","429","430","475","336","3","24.588","223.277",1
"NA18505","20","del","62851024","62853442","2.419","4369","4370","265","416","1","24.329","229.547",1
"NA18505","20","dup","4202113","4229676","27.564","490","491","734","547","3","24.099","234.932",1
"NA18505","20","dup","49227356","49227789","0.434","3424","3425","387","266","3","23.909","240.484",1
"NA18505","20","dup","3541250","3544052","2.803","362","364","1064","815","3","23.897","245.872",2
"NA18505","20","dup","22562688","22564923","2.236","1208","1209","890","674","3","23.849","250.287",1
"NA18505","20","del","25456661","25459880","3.22","1354","1355","464","690","1","23.403","254.501",1
"NA18505","20","dup","57568628","57569335","0.708","3717","3718","537","390","3","22.726","259.247",1
"NA18505","20","del","2779038","2779575","0.538","227","228","355","537","1","22.45","262.711",1
"NA18505","20","del","58452404","58461945","9.542","3768","3775","234","366","1","20.815","264.009",7
"NA18505","20","del","62587608","62591546","3.939","4298","4299","105","186","1","20.225","265.527",1
"NA18505","20","dup","43850008","43852025","2.018","2822","2823","1196","930","3","19.916","266.105",1
"NA18505","20","dup","57287524","57288657","1.134","3685","3686","327","227","3","19.082","267.047",1
"NA18507","20","del","17639449","17641187","1.739","954","955","296","531","1","60.343","40.265",1
"NA18507","20","dup","61960913","61982408","21.496","4142","4144","1046","742","3","53.099","73.542",2
"NA18507","20","dup","50241665","50245624","3.96","3471","3473","477","327","3","29.899","83.188",2
"NA18507","20","del","10620134","10621625","1.492","754","755","366","567","1","29.826","93.714",1
"NA18507","20","del","30227697","30231392","3.696","1420","1421","173","294","1","27.094","101.068",1
"NA18507","20","dup","31620749","31622103","1.355","1618","1619","326","220","3","22.176","103.882",1
"NA18507","20","dup","3209450","3209944","0.495","308","309","304","206","3","20.256","104.766",1
"NA18507","20","dup","61950360","61950953","0.594","4131","4132","241","156","3","19.713","106.564",1
"NA18508","20","del","60587780","60589802","2.023","3848","3849","144","273","1","36.694","16.847",1
"NA18508","20","dup","22562688","22564923","2.236","1208","1209","721","519","3","32.828","29.544",1
"NA18508","20","del","62577780","62591546","13.767","4297","4299","169","289","1","27.367","37.66",2
"NA18508","20","dup","3654656","3654958","0.303","396","397","475","331","3","27.088","45.186",1
"NA18508","20","del","60921546","60922086","0.541","3954","3956","183","306","1","26.163","52.041",2
"NA18508","20","del","30227697","30231392","3.696","1420","1421","354","542","1","25.644","58.279",1
"NA18508","20","dup","34099113","34116140","17.028","2027","2028","484","342","3","25.237","63.685",1
"NA18508","20","dup","32664735","32666392","1.658","1777","1778","373","255","3","23.732","68.153",1
"NA18508","20","dup","62708164","62715077","6.914","4352","4353","218","131","3","22.888","72.789",1
"NA18508","20","del","21492541","21494357","1.817","1201","1202","156","262","1","22.877","78.003",1
"NA18508","20","dup","62328657","62329954","1.298","4247","4248","474","339","3","22.683","82.048",1
"NA18508","20","dup","2517224","2539440","22.217","174","176","456","325","3","22.384","85.03",2
"NA18508","20","del","61040873","61041664","0.792","3990","3991","46","107","1","21.618","88.177",1
"NA18508","20","dup","30155874","30193390","37.517","1414","1416","400","282","3","21.179","91.559",2
"NA18508","20","dup","39986447","39986993","0.547","2553","2554","369","257","3","21.11","92.937",1
"NA18508","20","dup","39977681","39979045","1.365","2541","2543","698","524","3","21.003","95.682",2
"NA18508","20","dup","57485332","57485930","0.599","3704","3705","415","298","3","19.261","95.749",1
"NA18510","20","del","1638233","1896162","257.93","126","127","280","431","1","21.433","2.262",1
"NA18519","20","dup","20373699","21227225","853.527","1123","1170","3511","2598","3","124.529","102.476",47
"NA18519","20","del","37128062","37161557","33.496","2415","2425","1105","1697","1","82.628","163.866",10
"NA18519","20","del","17474716","17479694","4.979","923","924","627","1024","1","77.428","221.974",1
"NA18519","20","del","21311238","21319763","8.526","1175","1183","643","1028","1","68.339","271.702",8
"NA18519","20","dup","34450858","34457506","6.649","2102","2103","576","368","3","49.538","301.744",1
"NA18519","20","del","58467022","58475385","8.364","3776","3782","455","726","1","47.641","328.703",6
"NA18519","20","dup","35748903","35796704","47.802","2270","2282","729","503","3","44.072","352.629",12
"NA18519","20","del","2443683","2446469","2.787","165","167","262","449","1","42.909","375.969",2
"NA18519","20","dup","33764498","33859684","95.187","1967","1974","925","673","3","38.54","394.418",7
"NA18519","20","dup","33173162","33176453","3.292","1835","1836","384","240","3","35.692","410.993",1
"NA18519","20","dup","35555529","35559280","3.752","2236","2237","308","182","3","33.878","426.465",1
"NA18519","20","dup","3302826","3313027","10.202","341","346","574","399","3","33.227","439.672",5
"NA18519","20","dup","47604993","47606276","1.284","3254","3256","469","316","3","32.155","451.826",2
"NA18519","20","dup","47361472","47557810","196.339","3235","3238","425","282","3","31.316","464.446",3
"NA18519","20","del","3891170","3893312","2.143","472","473","214","358","1","30.677","476.058",1
"NA18519","20","dup","19955264","20003171","47.908","1067","1074","981","737","3","29.245","485.778",7
"NA18519","20","dup","30371465","30381858","10.394","1434","1436","577","413","3","27.444","493.587",2
"NA18519","20","del","3540024","3541610","1.587","361","362","141","247","1","25.773","501.302",1
"NA18519","20","del","16712319","16713014","0.696","901","902","113","205","1","24.18","507.214",1
"NA18519","20","dup","3562771","3564757","1.987","370","371","626","460","3","23.811","513.256",1
"NA18519","20","del","6100005","6194836","94.832","619","620","152","258","1","23.649","517.852",1
"NA18519","20","dup","41385068","41400192","15.125","2623","2624","300","198","3","22.635","521.213",1
"NA18519","20","dup","35386466","35396468","10.003","2200","2204","373","258","3","22.232","524.405",4
"NA18519","20","dup","11898876","11899838","0.963","779","780","517","375","3","22.117","527.638",1
"NA18519","20","del","55913321","55915255","1.935","3597","3599","55","120","1","21.88","530.022",2
"NA18519","20","del","9353662","9365072","11.411","681","683","109","194","1","21.452","532.553",2
"NA18519","20","del","5163001","5165607","2.607","531","533","170","278","1","21.173","534.843",2
"NA18519","20","dup","30521541","30522712","1.172","1471","1472","239","152","3","20.902","537.243",1
"NA18519","20","dup","3355634","3362205","6.572","352","354","496","362","3","20.102","539.712",2
"NA18519","20","del","40074296","40076626","2.331","2572","2573","80","151","1","20.052","541.185",1
"NA18519","20","del","2559772","2560708","0.937","179","180","74","142","1","19.711","542.921",1
"NA18520","20","dup","44451942","44453047","1.106","2928","2930","966","700","3","41.663","21.106",2
"NA18520","20","dup","54575724","54579261","3.538","3541","3542","1073","823","3","23.546","24.946",1
"NA18520","20","dup","62298803","62304001","5.199","4220","4221","480","345","3","22.115","27.851",1
"NA18520","20","dup","44334462","44351123","16.662","2901","2902","441","317","3","20.303","29.758",1
"NA18634","20","del","42743415","42745027","1.613","2701","2702","73","147","1","22.904","2.661",1
"NA18639","20","del","1638233","1896162","257.93","126","127","110","305","1","76.259","57.088",1
"NA18639","20","del","23966277","23966896","0.62","1256","1257","241","395","1","30.464","67.42",1
"NA18641","20","del","1638233","1896162","257.93","126","127","113","351","1","97.18","78.009",1
"NA18643","20","dup","1558921","1600612","41.692","121","122","558","396","3","28.24","9.089",1
"NA18645","20","del","1638233","1896162","257.93","126","127","94","222","1","45.849","26.678",1
"NA18740","20","dup","1638233","1896162","257.93","126","127","571","287","4","108.773","89.602",1
"NA18740","20","dup","29624004","29628338","4.335","1380","1381","423","276","3","33.505","102.944",1
"NA18740","20","dup","61430220","61431021","0.802","4015","4016","281","168","3","29.931","113.215",1
"NA18740","20","dup","17639231","17641187","1.957","953","955","931","703","3","25.972","119.251",2
"NA18740","20","del","62599092","62608529","9.438","4311","4314","137","237","1","23.546","123.462",3
"NA18740","20","dup","61833588","61847000","13.413","4086","4088","720","539","3","22.423","126.783",2
"NA18747","20","del","1638233","1896162","257.93","126","127","140","323","1","64.466","45.295",1
"NA18748","20","dup","61430220","61431021","0.802","4015","4016","307","178","3","35.473","15.792",1
"NA18748","20","dup","61833588","61845315","11.728","4086","4087","717","532","3","24.707","21.71",1
"NA18748","20","dup","61576057","61588335","12.279","4070","4071","380","271","3","18.57","22.284",1
"NA18749","20","del","1638233","1896162","257.93","126","127","137","350","1","80.046","60.875",1
"NA18757","20","del","1638233","1896162","257.93","126","127","102","268","1","63.304","44.133",1
"NA18853","20","del","1638233","1896162","257.93","126","127","394","649","1","51.42","32.249",1
"NA18867","20","dup","1638233","1896162","257.93","126","127","853","653","3","19.348","0.177",1
"NA18870","20","del","1638233","1896162","257.93","126","127","360","580","1","40.485","21.314",1
"NA18874","20","dup","20453416","21213479","760.064","1126","1168","3129","2265","3","136.148","114.15",42
"NA18874","20","del","17474716","17479694","4.979","923","924","618","1109","1","126.166","220.99",1
"NA18874","20","del","37153384","37159901","6.518","2421","2424","352","576","1","44.03","244.38",3
"NA18874","20","dup","35766172","35802578","36.407","2274","2284","447","280","3","41.235","265.295",10
"NA18874","20","del","5159412","5165607","6.196","530","533","241","414","1","39.964","285.233",3
"NA18874","20","dup","34450858","34457506","6.649","2102","2103","517","344","3","37.617","303.592",1
"NA18874","20","del","45874706","45878226","3.521","3144","3145","440","672","1","31.037","314.797",1
"NA18874","20","dup","19915732","19998736","83.005","1062","1073","1138","861","3","30.9","325.932",11
"NA18874","20","dup","9433961","9453525","19.565","702","706","433","290","3","30.559","336.755",4
"NA18874","20","dup","3302826","3313027","10.202","341","346","556","392","3","29.429","346.221",5
"NA18874","20","dup","11898876","11899838","0.963","779","780","516","360","3","29.211","356.724",1
"NA18874","20","del","21314288","21314829","0.542","1180","1182","371","571","1","28.361","366.732",2
"NA18874","20","dup","30371465","30381858","10.394","1434","1436","565","404","3","27.078","374.089",2
"NA18874","20","dup","47361472","47364441","2.97","3235","3236","373","249","3","26.732","381.838",1
"NA18874","20","dup","18414292","18446007","31.716","1001","1009","371","248","3","26.421","388.754",8
"NA18874","20","dup","39708712","39713214","4.503","2495","2497","122","59","4","25.561","395.119",2
"NA18874","20","del","6021589","6025377","3.789","602","603","555","820","1","25.331","401.829",1
"NA18874","20","del","40076506","40080685","4.18","2573","2575","312","483","1","25.254","407.864",2
"NA18874","20","del","6100005","6194836","94.832","619","620","148","255","1","24.922","414.722",1
"NA18874","20","del","37137665","37145043","7.379","2416","2417","202","329","1","24.494","421.77",1
"NA18874","20","dup","2635343","2635898","0.556","198","199","508","363","3","24.468","427.262",1
"NA18874","20","dup","34207084","34207704","0.621","2052","2053","309","202","3","24.284","432.868",1
"NA18874","20","dup","34041655","34051487","9.833","1997","1999","300","196","3","23.635","437.446",2
"NA18874","20","dup","57288417","57290422","2.006","3686","3689","111","54","4","22.937","440.259",3
"NA18874","20","dup","35555529","35559280","3.752","2236","2237","272","176","3","22.282","444.09",1
"NA18874","20","dup","25263772","25270585","6.814","1317","1320","468","336","3","21.75","446.463",3
"NA18874","20","dup","18365005","18371122","6.118","989","992","386","270","3","21.503","449.631",3
"NA18874","20","dup","2451274","2465334","14.061","169","170","764","577","3","21.263","452.536",1
"NA18874","20","del","15412004","15480515","68.512","862","863","76","147","1","20.825","454.821",1
"NA18874","20","dup","60733705","60735034","1.33","3864","3865","291","197","3","19.485","455.098",1
"NA18912","20","del","56793551","56803479","9.929","3653","3655","0","21","0","21","0.677",2
"NA18956","20","del","60904752","60909439","4.688","3937","3946","289","465","1","32.195","11.338",9
"NA18956","20","del","33589039","33590045","1.007","1932","1934","105","208","1","31.225","22",2
"NA18956","20","del","60921546","60937651","16.106","3954","3961","204","340","1","28.608","31.841",7
"NA18956","20","dup","61450549","61453549","3.001","4023","4028","313","206","3","23.905","36.192",5
"NA18956","20","del","62325662","62328897","3.236","4241","4247","274","423","1","21.591","37.913",6
"NA18956","20","del","60901684","60902495","0.812","3929","3931","225","355","1","21.553","41.454",2
"NA18956","20","del","57251234","57269005","17.772","3679","3680","259","401","1","20.988","42.979",1
"NA18956","20","dup","62708164","62715077","6.914","4352","4353","109","56","4","19.55","44.173",1
"NA18960","20","del","1638233","1896162","257.93","126","127","326","520","1","34.05","14.879",1
"NA18964","20","dup","1895652","1902379","6.728","127","128","1216","902","3","42.025","22.85",1
"NA18965","20","del","60881686","60937651","55.966","3899","3961","1197","2079","1","209.863","188.063",62
"NA18965","20","del","62324136","62328897","4.762","4239","4247","146","286","1","41.808","209.81",8
"NA18965","20","del","62165466","62192060","26.595","4178","4191","185","336","1","39.777","229.721",13
"NA18965","20","del","33586010","33591435","5.426","1927","1936","378","601","1","38.509","246.921",9
"NA18965","20","del","61938800","61944334","5.535","4117","4126","139","260","1","33.659","260.9",9
"NA18965","20","dup","3765531","3778452","12.922","447","448","316","189","3","33.622","274.832",1
"NA18965","20","del","62065056","62071065","6.01","4157","4159","121","225","1","28.635","285.136",2
"NA18965","20","del","60585011","60697905","112.895","3847","3850","82","170","1","28.166","294.048",3
"NA18965","20","del","62571460","62576112","4.653","4289","4294","158","275","1","27.991","302.805",5
"NA18965","20","del","62406962","62494318","87.357","4274","4276","199","328","1","26.074","310.699",2
"NA18965","20","dup","34285543","34286517","0.975","2078","2079","359","243","3","24.056","315.545",1
"NA18965","20","del","61460052","61460361","0.31","4036","4037","0","24","0","24","320.948",1
"NA18965","20","dup","2517878","2542699","24.822","175","177","177","99","4","23.683","325.185",2
"NA18965","20","dup","39791524","39792128","0.605","2515","2517","343","232","3","23.069","328.239",2
"NA18965","20","del","60427761","60470154","42.394","3824","3826","134","231","1","22.625","332.233",2
"NA18965","20","del","42744283","42789072","44.79","2702","2704","38","96","1","21.662","334.244",2
"NA18965","20","del","33572612","33572960","0.349","1911","1912","29","83","1","21.4","337.524",1
"NA18965","20","del","21492541","21687750","195.21","1201","1203","59","124","1","21.107","338.564",2
"NA18965","20","dup","30421469","30436717","15.249","1451","1454","332","229","3","20.109","338.814",3
"NA18965","20","dup","18414292","18424109","9.818","1001","1002","273","182","3","19.687","339.237",1
"NA18965","20","del","31996450","32005746","9.297","1712","1716","174","280","1","19.401","338.823",4
"NA18965","20","del","50776577","50781314","4.738","3497","3498","111","192","1","19.066","338.397",1
"NA18965","20","del","62364864","62370281","5.418","4259","4265","225","350","1","19.053","339.089",6
"NA18965","20","del","62705151","62705733","0.583","4349","4350","40","93","1","18.776","339.577",1
"NA18965","20","del","60503214","60504903","1.69","3830","3831","85","154","1","18.087","340.335",1
"NA18978","20","del","1638233","1896162","257.93","126","127","109","312","1","80.452","61.281",1
"NA18980","20","dup","22562688","22564923","2.236","1208","1209","650","422","3","52.541","32.383",1
"NA18980","20","dup","4202113","4229676","27.564","490","491","498","303","3","50.413","63.189",1
"NA18980","20","dup","39978353","39980570","2.218","2542","2544","758","518","3","48.33","91.076",2
"NA18980","20","del","60585011","60589802","4.792","3847","3849","219","382","1","39.212","110.201",2
"NA18980","20","del","17639231","17641187","1.957","953","955","856","1262","1","37.709","128.245",2
"NA18980","20","dup","43560937","43564148","3.212","2785","2787","585","405","3","34.687","143.175",2
"NA18980","20","dup","50244102","50245624","1.523","3472","3473","530","364","3","32.888","156.548",1
"NA18980","20","del","44685755","44686258","0.504","3043","3044","317","500","1","30.288","167.527",1
"NA18980","20","dup","3654656","3654958","0.303","396","397","454","309","3","29.574","178.17",1
"NA18980","20","dup","60893863","60897534","3.672","3920","3923","663","480","3","28.812","187.604",3
"NA18980","20","dup","46294802","46295237","0.436","3187","3188","766","565","3","28.074","196.631",1
"NA18980","20","del","21492541","21494357","1.817","1201","1202","145","253","1","26.001","204.978",1
"NA18980","20","dup","30155874","30193390","37.517","1414","1416","378","255","3","25.76","211.043",2
"NA18980","20","del","62319421","62320506","1.086","4230","4233","150","259","1","25.535","216.952",3
"NA18980","20","dup","42697217","42745027","47.811","2700","2702","424","293","3","25.41","223.252",2
"NA18980","20","del","36775057","36776546","1.49","2362","2363","144","249","1","24.694","228.668",1
"NA18980","20","del","62577780","62587728","9.949","4297","4298","75","151","1","23.518","233.617",1
"NA18980","20","dup","825439","853802","28.364","63","64","468","333","3","23.25","238.119",1
"NA18980","20","dup","2644001","2644670","0.67","213","215","607","446","3","23.107","241.909",2
"NA18980","20","dup","3183840","3190290","6.451","297","298","287","187","3","22.864","246.105",1
"NA18980","20","del","46300889","46305422","4.534","3189","3190","166","275","1","22.446","251.783",1
"NA18980","20","dup","21321304","21324906","3.603","1184","1185","396","277","3","22.058","255.719",1
"NA18980","20","del","32378728","32399489","20.762","1766","1767","104","187","1","21.418","257.668",1
"NA18980","20","del","62337986","62338456","0.471","4255","4256","505","742","1","20.986","260.56",1
"NA18980","20","del","60904161","60905022","0.862","3936","3937","139","233","1","20.159","262.689",1
"NA18980","20","del","61040873","61041664","0.792","3990","3991","44","101","1","20.004","264.038",1
"NA18980","20","del","3732125","3734814","2.69","434","435","58","120","1","19.8","265.524",1
"NA18980","20","dup","3846321","3870421","24.101","469","470","380","269","3","19.57","267.065",1
"NA18980","20","dup","3670237","3670933","0.697","406","407","537","397","3","19.226","268.578",1
"NA18997","20","dup","10601921","10620614","18.694","752","754","882","636","3","39.606","19.272",2
"NA18997","20","del","1638233","1896162","257.93","126","127","102","218","1","38.304","38.482",1
"NA18997","20","dup","17639231","17641187","1.957","953","955","823","592","3","37.684","56.43",2
"NA18997","20","dup","37380738","37383828","3.091","2447","2448","296","179","3","30.513","66.803",1
"NA18997","20","dup","34487250","34501410","14.161","2106","2107","374","253","3","25.138","72.385",1
"NA18997","20","del","19654211","19662646","8.436","1053","1054","144","246","1","23.194","76.56",1
"NA18997","20","dup","61430781","61438982","8.202","4016","4017","226","138","3","22.631","79.572",1
"NA18997","20","dup","55051990","55059265","7.276","3568","3569","306","204","3","22.067","81.985",1
"NA18997","20","dup","1558921","1600612","41.692","121","122","483","349","3","21.332","85.873",1
"NA18997","20","dup","44469001","44470717","1.717","2936","2938","269","177","3","20.566","86.513",2
"NA18997","20","dup","35219243","35236229","16.987","2169","2170","357","249","3","20.245","88.026",1
"NA18997","20","del","61978032","61982408","4.377","4143","4144","307","464","1","19.219","88.267",1
"NA18998","20","del","1638233","1896162","257.93","126","127","125","341","1","83.863","64.692",1
"NA18998","20","dup","22562688","22564923","2.236","1208","1209","407","251","3","39.518","84.092",1
"NA18998","20","dup","4202113","4229676","27.564","490","491","300","185","3","29.135","93.714",1
"NA18998","20","del","60921546","60926868","5.323","3954","3957","92","177","1","24.735","98.173",3
"NA19005","20","dup","1638233","1896162","257.93","126","127","426","292","3","26.721","7.55",1
"NA19007","20","del","23965805","23966896","1.092","1255","1257","548","1089","1","164.683","144.167",2
"NA19007","20","del","1638233","1896162","257.93","126","127","364","659","1","77.213","202.247",1
"NA19012","20","dup","61453429","61454023","0.595","4028","4029","724","529","3","29.045","9.38",1
"NA19092","20","dup","1638233","1896162","257.93","126","127","665","495","3","22.123","2.952",1
"NA19099","20","dup","50241665","50245624","3.96","3471","3473","821","578","3","43.873","23.465",2
"NA19099","20","del","40143367","40180019","36.653","2593","2595","486","740","1","33.155","36.26",2
"NA19099","20","dup","61947853","61950600","2.748","4130","4131","467","328","3","25.344","42.229",1
"NA19099","20","del","10603246","10620614","17.369","753","754","702","1022","1","24.446","46.764",1
"NA19099","20","dup","57485332","57485930","0.599","3704","3705","373","257","3","22.732","50.221",1
"NA19099","20","del","17640590","17705853","65.264","955","956","553","811","1","22.217","53.073",1
"NA19099","20","del","62587608","62591546","3.939","4298","4299","90","169","1","22.121","56.409",1
"NA19099","20","dup","24989814","24993328","3.515","1274","1275","363","251","3","21.678","58.543",1
"NA19099","20","del","30227697","30231392","3.696","1420","1421","341","515","1","21.154","60.496",1
"NA19099","20","del","46300889","46305422","4.534","3189","3190","193","308","1","20.232","61.332",1
"NA19099","20","del","5166377","5167528","1.152","534","535","364","544","1","19.713","61.753",1
"NA19172","20","del","13912212","13936787","24.576","853","854","114","199","1","20.487","0.45",1
